,Unnamed: 0,serieName,extensionCode,extensionUrl,extensionName,extensionImageUrl,extensionReleaseDate,extensionCardNumber
0,0,Sword & Shield Series,S10P,https://jp.pokellector.com/sets/S10P-Space-Juggler,Space Juggler Set,https://den-media.pokellector.com/logos/Space-Juggler.logo.342.png,2022-04-08,67
1,1,Sword & Shield Series,S10D,https://jp.pokellector.com/sets/S10D-Time-Gazer,Time Gazer Set,https://den-media.pokellector.com/logos/Time-Gazer.logo.341.png,2022-04-08,67
2,2,Sword & Shield Series,S9A,https://jp.pokellector.com/sets/S9A-Battle-Region,Battle Region Set,https://den-media.pokellector.com/logos/Battle-Region.logo.339.png,2022-02-25,67
3,3,Sword & Shield Series,S9,https://jp.pokellector.com/sets/S9-Star-Birth,Star Birth Set,https://den-media.pokellector.com/logos/Star-Birth.logo.336.png,2022-01-14,100
4,4,Sword & Shield Series,SI,https://jp.pokellector.com/sets/SI-Start-Deck-100,Start Deck 100 Set,https://den-media.pokellector.com/logos/Start-Deck-100.logo.337.png,2021-12-17,414
5,5,Sword & Shield Series,S8B,https://jp.pokellector.com/sets/S8B-VMAX-Climax,VMAX Climax Set,https://den-media.pokellector.com/logos/VMAX-Climax.logo.338.png,2021-12-03,284
6,6,Sword & Shield Series,S8A,https://jp.pokellector.com/sets/S8A-25th-Anniversary-Collection,25th Anniversary Collection Set,https://den-media.pokellector.com/logos/25th-Anniversary-Collection.logo.327.png,2021-10-22,28
7,7,Sword & Shield Series,S8AP,https://jp.pokellector.com/sets/S8AP-25th-Anniversary-Promo-Pack,25th Anniversary Promo Pack Set,https://den-media.pokellector.com/logos/25th-Anniversary-Promo-Pack.logo.328.png,2021-10-22,25
8,8,Sword & Shield Series,S8,https://jp.pokellector.com/sets/S8-Fusion-ARTS,Fusion ARTS Set,https://den-media.pokellector.com/logos/Fusion-ARTS.logo.326.png,2021-09-24,100
9,9,Sword & Shield Series,S7R,https://jp.pokellector.com/sets/S7R-Blue-Sky-Stream,Blue Sky Stream Set,https://den-media.pokellector.com/logos/Blue-Sky-Stream.logo.319.png,2021-07-09,67
10,10,Sword & Shield Series,S7D,https://jp.pokellector.com/sets/S7D-Towering-Perfection,Towering Perfection Set,https://den-media.pokellector.com/logos/Perfect-Skyscraper.logo.318.png,2021-07-09,67
11,11,Sword & Shield Series,S6A,https://jp.pokellector.com/sets/S6A-Eevee-Heroes,Eevee Heroes Set,https://den-media.pokellector.com/logos/Eevee-Heroes.logo.322.png,2021-05-28,69
12,12,Sword & Shield Series,S6K,https://jp.pokellector.com/sets/S6K-Jet-Black-Spirit,Jet Black Spirit Set,https://den-media.pokellector.com/logos/Jet-Black-Poltergeist.logo.310.png,2021-04-23,70
13,13,Sword & Shield Series,S6H,https://jp.pokellector.com/sets/S6H-Silver-Lance,Silver Lance Set,https://den-media.pokellector.com/logos/Silver-Lance.logo.309.png,2021-04-23,70
14,14,Sword & Shield Series,S5A,https://jp.pokellector.com/sets/S5A-Matchless-Fighter,Matchless Fighter Set,https://den-media.pokellector.com/logos/Matchless-Fighter.logo.308.png,2021-03-19,95
15,15,Sword & Shield Series,S5R,https://jp.pokellector.com/sets/S5R-Rapid-Strike-Master,Rapid Strike Master Set,https://den-media.pokellector.com/logos/Rapid-Strike-Master.logo.307.png,2021-01-22,70
16,16,Sword & Shield Series,S5I,https://jp.pokellector.com/sets/S5I-Single-Strike-Master,Single Strike Master Set,https://den-media.pokellector.com/logos/Single-Strike-Master.logo.306.png,2021-01-22,70
17,17,Sword & Shield Series,S4A,https://jp.pokellector.com/sets/S4A-Shiny-Star-V,Shiny Star V Set,https://den-media.pokellector.com/logos/Shiny-Star-V.logo.301.png,2020-11-20,190
18,18,Sword & Shield Series,S4,https://jp.pokellector.com/sets/S4-Electrifying-Tackle,Electrifying Tackle Set,https://den-media.pokellector.com/logos/Electrifying-Tackle.logo.297.png,2020-09-18,100
19,19,Sword & Shield Series,S3A,https://jp.pokellector.com/sets/S3A-Legendary-Pulse,Legendary Pulse Set,https://den-media.pokellector.com/logos/Legendary-Pulse.logo.294.png,2020-07-10,76
20,20,Sword & Shield Series,S3,https://jp.pokellector.com/sets/S3-Infinity-Zone,Infinity Zone Set,https://den-media.pokellector.com/logos/Infinity-Zone.logo.293.png,2020-06-05,100
21,21,Sword & Shield Series,S2A,https://jp.pokellector.com/sets/S2A-Explosive-Flame-Walker,Explosive Flame Walker Set,https://den-media.pokellector.com/logos/Explosive-Flame-Walker.logo.295.png,2020-04-24,86
22,22,Sword & Shield Series,S2,https://jp.pokellector.com/sets/S2-Rebellion-Crash,Rebellion Crash Set,https://den-media.pokellector.com/logos/Rebellion-Crash.logo.291.png,2020-03-06,96
23,23,Sword & Shield Series,S1A,https://jp.pokellector.com/sets/S1A-VMAX-Rising,VMAX Rising Set,https://den-media.pokellector.com/logos/VMAX-Rising.logo.285.png,2020-02-07,70
24,24,Sword & Shield Series,S1H,https://jp.pokellector.com/sets/S1H-Shield,Shield Set,https://den-media.pokellector.com/logos/Shield.logo.284.png,2019-12-06,60
25,25,Sword & Shield Series,S1W,https://jp.pokellector.com/sets/S1W-Sword,Sword Set,https://den-media.pokellector.com/logos/Sword.logo.283.png,2019-12-06,60
26,26,Sword & Shield Series,SP,https://jp.pokellector.com/sets/SP-Sword-Shield-Promos,Sword & Shield Promos Set,https://den-media.pokellector.com/logos/Sword-Shield-Promos.logo.289.png,2019-11-17,276
27,27,Sword & Shield Series,SP4,https://jp.pokellector.com/sets/SP4-Eevee-Heroes-VMAX-Special-Set,Eevee Heroes VMAX Special Set Set,https://den-media.pokellector.com/logos/Eevee-Heroes-VMAX-Special-Set.logo.330.png,2021-06-15,8
28,28,Sword & Shield Series,SP3,https://jp.pokellector.com/sets/SP3-Silver-Lance-Jet-Black-Spirit-Promo-Set,Silver Lance & Jet-Black Spirit Promo Set Set,https://den-media.pokellector.com/logos/Silver-Lance-Jet-Black-Poltergeist-Promo-Set.logo.321.png,2021-04-23,6
29,29,Sword & Shield Series,SP2,https://jp.pokellector.com/sets/SP2-VMAX-Special-Set,VMAX Special Set Set,https://den-media.pokellector.com/logos/VMAX-Special-Set.logo.302.png,2020-10-23,4
30,30,Sun & Moon Series,SM12A,https://jp.pokellector.com/sets/SM12A-Tag-Team-GX-All-Stars,Tag Team GX All Stars Set,https://den-media.pokellector.com/logos/Tag-Team-GX-All-Stars.logo.288.png,2019-10-04,226
31,31,Sun & Moon Series,SM12,https://jp.pokellector.com/sets/SM12-Alter-Genesis,Alter Genesis Set,https://den-media.pokellector.com/logos/Alter-Genesis.logo.281.png,2019-09-06,95
32,32,Sun & Moon Series,SM11B,https://jp.pokellector.com/sets/SM11B-Dream-League,Dream League Set,https://den-media.pokellector.com/logos/Dream-League.logo.278.png,2019-08-02,49
33,33,Sun & Moon Series,SM11A,https://jp.pokellector.com/sets/SM11A-Remix-Bout,Remix Bout Set,https://den-media.pokellector.com/logos/Remix-Bout.logo.272.png,2019-07-05,65
34,34,Sun & Moon Series,SM11,https://jp.pokellector.com/sets/SM11-Miracle-Twins,Miracle Twins Set,https://den-media.pokellector.com/logos/Miracle-Twins.logo.277.png,2019-05-31,94
35,35,Sun & Moon Series,SM10B,https://jp.pokellector.com/sets/SM10B-Sky-Legend,Sky Legend Set,https://den-media.pokellector.com/logos/Sky-Legends.logo.268.png,2019-04-26,54
36,36,Sun & Moon Series,SMP2,https://jp.pokellector.com/sets/SMP2-Detective-Pikachu,Detective Pikachu Set,https://den-media.pokellector.com/logos/Detective-Pikachu.logo.271.png,2019-04-26,24
37,37,Sun & Moon Series,SM10A,https://jp.pokellector.com/sets/SM10A-GG-End,GG End Set,https://den-media.pokellector.com/logos/GG-End.logo.267.png,2019-04-05,68
38,38,Sun & Moon Series,SM10,https://jp.pokellector.com/sets/SM10-Double-Blaze,Double Blaze Set,https://den-media.pokellector.com/logos/Double-Blaze.logo.266.png,2019-03-01,116
39,39,Sun & Moon Series,SM9B,https://jp.pokellector.com/sets/SM9B-Full-Metal-Wall,Full Metal Wall Set,https://den-media.pokellector.com/logos/Full-Metal-Wall.logo.263.png,2019-02-01,69
40,40,Sun & Moon Series,SM9A,https://jp.pokellector.com/sets/SM9A-Night-Unison,Night Unison Set,https://den-media.pokellector.com/logos/Night-Unison.logo.262.png,2019-01-11,55
41,41,Sun & Moon Series,SM9,https://jp.pokellector.com/sets/SM9-Tag-Bolt,Tag Bolt Set,https://den-media.pokellector.com/logos/Tag-Bolt.logo.260.png,2018-12-07,95
42,42,Sun & Moon Series,SM8B,https://jp.pokellector.com/sets/SM8B-Ultra-Shiny-GX,Ultra Shiny GX Set,https://den-media.pokellector.com/logos/Ultra-Shiny-GX.logo.241.png,2018-11-02,150
43,43,Sun & Moon Series,SM8A,https://jp.pokellector.com/sets/SM8A-Dark-Order,Dark Order Set,https://den-media.pokellector.com/logos/Dark-Order.logo.245.png,2018-10-05,65
44,44,Sun & Moon Series,SM8,https://jp.pokellector.com/sets/SM8-Explosive-Impact,Explosive Impact Set,https://den-media.pokellector.com/logos/Explosive-Impact.logo.258.png,2018-09-07,111
45,45,Sun & Moon Series,SM7B,https://jp.pokellector.com/sets/SM7B-Fairy-Rise,Fairy Rise Set,https://den-media.pokellector.com/logos/Fairy-Rise.logo.240.png,2018-08-03,50
46,46,Sun & Moon Series,SM7A,https://jp.pokellector.com/sets/SM7A-Thunderclap-Spark,Thunderclap Spark Set,https://den-media.pokellector.com/logos/Thunderclap-Spark.logo.243.png,2018-07-06,60
47,47,Sun & Moon Series,SM7,https://jp.pokellector.com/sets/SM7-Charisma-of-the-Cracked-Sky,Charisma of the Cracked Sky Set,https://den-media.pokellector.com/logos/Charisma-of-the-Cracked-Sky.logo.242.png,2018-06-01,112
48,48,Sun & Moon Series,SM6,https://jp.pokellector.com/sets/SM6-Forbidden-Light,Forbidden Light Set,https://den-media.pokellector.com/logos/Forbidden-Light.logo.235.png,2018-03-02,110
49,49,Sun & Moon Series,SM5+,https://jp.pokellector.com/sets/SM5+-Ultra-Force,Ultra Force Set,https://den-media.pokellector.com/logos/Ultra-Force.logo.238.png,2018-01-19,50
50,50,Sun & Moon Series,SM5S,https://jp.pokellector.com/sets/SM5S-Ultra-Sun,Ultra Sun Set,https://den-media.pokellector.com/logos/Ultra-Sun.logo.232.png,2017-12-08,66
51,51,Sun & Moon Series,SM5M,https://jp.pokellector.com/sets/SM5M-Ultra-Moon,Ultra Moon Set,https://den-media.pokellector.com/logos/Ultra-Moon.logo.233.png,2017-12-08,66
52,52,Sun & Moon Series,SM4+,https://jp.pokellector.com/sets/SM4+-GX-Battle-Boost,GX Battle Boost Set,https://den-media.pokellector.com/logos/GX-Battle-Boost.logo.228.png,2017-10-20,125
53,53,Sun & Moon Series,SM4A,https://jp.pokellector.com/sets/SM4A-The-Transdimensional-Beast,The Transdimensional Beast Set,https://den-media.pokellector.com/logos/The-Transdimensional-Beast.logo.227.png,2017-09-15,50
54,54,Sun & Moon Series,SM4S,https://jp.pokellector.com/sets/SM4S-The-Awoken-Hero,The Awoken Hero Set,https://den-media.pokellector.com/logos/The-Awoken-Hero.logo.226.png,2017-09-15,50
55,55,Sun & Moon Series,SM3+,https://jp.pokellector.com/sets/SM3+-Strengthening-Expansion-Shining-Legends,Strengthening Expansion: Shining Legends Set,https://den-media.pokellector.com/logos/Strengthening-Expansion-Pack-Shining-Legends.logo.224.png,2017-07-15,72
56,56,Sun & Moon Series,SM3N,https://jp.pokellector.com/sets/SM3N-Light-Consuming-Darkness,Light-Consuming Darkness Set,https://den-media.pokellector.com/logos/Light-Consuming-Darkness.logo.218.png,2017-06-16,51
57,57,Sun & Moon Series,SM3H,https://jp.pokellector.com/sets/SM3H-Seen-the-Rainbow-Battle,Seen the Rainbow Battle Set,https://den-media.pokellector.com/logos/Seen-the-Rainbow-Battle.logo.219.png,2017-06-16,51
58,58,Sun & Moon Series,SM2+,https://jp.pokellector.com/sets/SM2+-Strengthening-Expansion-Pack-Beyond-A-New-Challenge,Strengthening Expansion Pack: Beyond A New Challenge Set,https://den-media.pokellector.com/logos/Strengthening-Expansion-Pack-Beyond-A-New-Challenge.logo.212.png,2017-04-21,66
59,59,Sun & Moon Series,SM2L,https://jp.pokellector.com/sets/SM2L-Alola-Moonlight,Alola Moonlight Set,https://den-media.pokellector.com/logos/Alola-Moonlight.logo.210.png,2017-03-17,50
60,60,Sun & Moon Series,SM2K,https://jp.pokellector.com/sets/SM2K-Islands-Awaiting-You,Islands Awaiting You Set,https://den-media.pokellector.com/logos/Islands-Awaiting-You.logo.211.png,2017-03-17,50
61,61,Sun & Moon Series,SM1+,https://jp.pokellector.com/sets/SM1+-Sun-Moon-Strengthening-Expansion,Sun & Moon Strengthening Expansion Set,https://den-media.pokellector.com/logos/Sun-Moon-Strengthening-Expansion.logo.200.png,2017-01-27,51
62,62,Sun & Moon Series,SM1S,https://jp.pokellector.com/sets/SM1S-Collection-Sun,Collection Sun Set,https://den-media.pokellector.com/logos/Collection-Sun.logo.201.png,2016-12-09,60
63,63,Sun & Moon Series,SM1M,https://jp.pokellector.com/sets/SM1M-Collection-Moon,Collection Moon Set,https://den-media.pokellector.com/logos/Collection-Moon.logo.202.png,2016-12-09,60
64,64,Sun & Moon Series,SMP,https://jp.pokellector.com/sets/SMP-Sun-Moon-Promos,Sun & Moon Promos Set,https://den-media.pokellector.com/logos/Sun-Moon-Promos.logo.203.png,2016-11-18,408
65,65,Sun & Moon Series,SM6B,https://jp.pokellector.com/sets/SM6B-Champion-Road,Champion Road Set,https://den-media.pokellector.com/logos/Champion-Road.logo.237.png,2018-05-03,86
66,66,Sun & Moon Series,SM6A,https://jp.pokellector.com/sets/SM6A-Dragon-Storm,Dragon Storm Set,https://den-media.pokellector.com/logos/Dragon-Storm.logo.236.png,2018-04-06,53
67,67,Sun & Moon Series,SMD,https://jp.pokellector.com/sets/SMD-Ash-vs-Team-Rocket-Battle-Set,Ash vs Team Rocket Battle Set Set,https://den-media.pokellector.com/logos/Ash-vs-Team-Rocket-Battle-Set.logo.221.png,2017-04-21,26
68,68,Sun & Moon Series,SM0,https://jp.pokellector.com/sets/SM0-Pikachu-New-Friends,Pikachu & New Friends Set,https://den-media.pokellector.com/logos/Pikachu-New-Friends.logo.204.png,2016-11-18,4
69,69,Sun & Moon Series,SMC,https://jp.pokellector.com/sets/SMC-Tapu-Bulu-GX-Enhanced-Starter-Set,Tapu Bulu GX Enhanced Starter Set Set,https://den-media.pokellector.com/logos/Starter-Set-Tapu-Bulu-GX.logo.222.png,2017-03-17,21
70,70,Sun & Moon Series,SMP1,https://jp.pokellector.com/sets/SMP1-Rockruff-Full-Power-Deck,Rockruff Full Power Deck Set,https://den-media.pokellector.com/logos/Rockruff-Full-Power-Deck.logo.206.png,2016-12-15,13
71,71,Sun & Moon Series,SMA,https://jp.pokellector.com/sets/SMA-Starter-Set-Decks,Starter Set Decks Set,https://den-media.pokellector.com/logos/Starter-Set-Decks.logo.208.png,2016-12-09,59
72,72,Sun & Moon Series,SMB,https://jp.pokellector.com/sets/SMB-Premium-Trainer-Box,Premium Trainer Box Set,https://den-media.pokellector.com/logos/Premium-Trainer-Box.logo.213.png,2016-12-09,18
73,73,Pokemon XY Series,XY,https://jp.pokellector.com/sets/XY-The-Best-of-XY,The Best of XY Set,https://den-media.pokellector.com/logos/The-Best-of-XY.logo.223.png,2017-04-21,171
74,74,Pokemon XY Series,CP6,https://jp.pokellector.com/sets/CP6-20th-Anniversary-Collection,20th Anniversary Collection Set,https://den-media.pokellector.com/logos/20th-Anniversary-Collection.logo.198.png,2016-09-16,87
75,75,Pokemon XY Series,CP5,https://jp.pokellector.com/sets/CP5-Mythical-Legendary-Dream-Holo-Collection,Mythical / Legendary Dream Holo Collection Set,https://den-media.pokellector.com/logos/Mythical-Legendary-Dream-Holo-Collection.logo.195.png,2016-07-16,36
76,76,Pokemon XY Series,XY11,https://jp.pokellector.com/sets/XY11-Explosive-Warrior,Explosive Warrior Set,https://den-media.pokellector.com/logos/Explosive-Warrior.logo.194.png,2016-06-17,54
77,77,Pokemon XY Series,XY11,https://jp.pokellector.com/sets/XY11-Ruthless-Rebel,Ruthless Rebel Set,https://den-media.pokellector.com/logos/Ruthless-Rebel.logo.193.png,2016-06-17,54
78,78,Pokemon XY Series,CP4,https://jp.pokellector.com/sets/CP4-Premium-Champion-Pack-EX-x-M-x-BREAK,Premium Champion Pack: EX x M x BREAK Set,https://den-media.pokellector.com/logos/Premium-Champion-Pack-EX-x-M-x-BREAK.logo.185.png,2016-04-16,131
79,79,Pokemon XY Series,XYH,https://jp.pokellector.com/sets/XYH-Mega-Audino-EX-Mega-Battle-Deck,Mega Audino EX Mega Battle Deck Set,https://den-media.pokellector.com/logos/Mega-Audino-EX-Mega-Battle-Deck.logo.190.png,2016-03-18,26
80,80,Pokemon XY Series,XY10,https://jp.pokellector.com/sets/XY10-Awakening-of-Psychic-Kings,Awakening of Psychic Kings Set,https://den-media.pokellector.com/logos/Awakening-of-Psychic-Kings.logo.184.png,2016-03-18,78
81,81,Pokemon XY Series,XYG,https://jp.pokellector.com/sets/XYG-Zygarde-EX-Perfect-Battle-Deck,Zygarde EX Perfect Battle Deck Set,https://den-media.pokellector.com/logos/Zygarde-EX-Perfect-Battle-Deck.logo.191.png,2016-03-18,19
82,82,Pokemon XY Series,20TH,https://jp.pokellector.com/sets/20TH-Pokemon-Card-Game-Starter-Pack,Pokemon Card Game Starter Pack Set,https://den-media.pokellector.com/logos/Pokemon-Card-Game-Starter-Pack.logo.189.png,2016-02-27,72
83,83,Pokemon XY Series,CP3,https://jp.pokellector.com/sets/CP3-Pokekyun-Collection,Pokekyun Collection Set,https://den-media.pokellector.com/logos/Pokekyun-Collection.logo.186.png,2016-01-29,32
84,84,Pokemon XY Series,XY9,https://jp.pokellector.com/sets/XY9-Rage-of-the-Broken-Sky,Rage of the Broken Sky Set,https://den-media.pokellector.com/logos/Rage-of-the-Broken-Sky.logo.177.png,2015-12-11,80
85,85,Pokemon XY Series,XYF,https://jp.pokellector.com/sets/XYF-Golduck-BREAK-Palkia-EX-Combo-Deck,Golduck BREAK & Palkia EX Combo Deck Set,https://den-media.pokellector.com/logos/Golduck-Palkia-EX-BREAK-Combo-Deck.logo.178.png,2015-10-09,16
86,86,Pokemon XY Series,SNP,https://jp.pokellector.com/sets/SNP-Noivern-BREAK-Evolution-Pack,Noivern BREAK Evolution Pack Set,https://den-media.pokellector.com/logos/Noivern-BREAK-Evolution-Pack.logo.181.png,2015-09-26,10
87,87,Pokemon XY Series,SNP,https://jp.pokellector.com/sets/SNP-Raichu-BREAK-Evolution-Pack,Raichu BREAK Evolution Pack Set,https://den-media.pokellector.com/logos/Raichu-BREAK-Deck.logo.180.png,2015-09-26,10
88,88,Pokemon XY Series,XY8,https://jp.pokellector.com/sets/XY8-Blue-Impact,Blue Impact Set,https://den-media.pokellector.com/logos/Blue-Impact.logo.176.png,2015-09-26,59
89,89,Pokemon XY Series,XY8,https://jp.pokellector.com/sets/XY8-Red-Flash,Red Flash Set,https://den-media.pokellector.com/logos/Red-Flash.logo.175.png,2015-09-26,59
90,90,Pokemon XY Series,CP2,https://jp.pokellector.com/sets/CP2-Legendary-Holo-Collection,Legendary Holo Collection Set,https://den-media.pokellector.com/logos/Legendary-Holo-Collection.logo.173.png,2015-07-18,27
91,91,Pokemon XY Series,XY7,https://jp.pokellector.com/sets/XY7-Bandit-Ring,Bandit Ring Set,https://den-media.pokellector.com/logos/Bandit-Ring.logo.171.png,2015-06-20,81
92,92,Pokemon XY Series,XYD,https://jp.pokellector.com/sets/XYD-Mega-Rayquaza-EX-Battle-Deck,Mega Rayquaza EX Battle Deck Set,https://den-media.pokellector.com/logos/Mega-Rayquaza-EX-Battle-Deck.logo.170.png,2015-03-14,18
93,93,Pokemon XY Series,XY6,https://jp.pokellector.com/sets/XY6-Emerald-Break,Emerald Break Set,https://den-media.pokellector.com/logos/Emerald-Break.logo.167.png,2015-03-14,78
94,94,Pokemon XY Series,CP1,https://jp.pokellector.com/sets/CP1-Magma-Gang-vs-Aqua-Gang-Double-Crisis,Magma Gang vs Aqua Gang: Double Crisis Set,https://den-media.pokellector.com/logos/Team-Magma-vs-Team-Aqua-Double-Crisis.logo.168.png,2015-01-30,34
95,95,Pokemon XY Series,XY5,https://jp.pokellector.com/sets/XY5-Gaia-Volcano,Gaia Volcano Set,https://den-media.pokellector.com/logos/Gaia-Volcano.logo.165.png,2014-12-13,70
96,96,Pokemon XY Series,XY5,https://jp.pokellector.com/sets/XY5-Tidal-Storm,Tidal Storm Set,https://den-media.pokellector.com/logos/Tidal-Storm.logo.164.png,2014-12-13,70
97,97,Pokemon XY Series,XYB,https://jp.pokellector.com/sets/XYB-Hyper-Metal-Chain-Deck,Hyper Metal Chain Deck Set,https://den-media.pokellector.com/logos/Hyper-Metal-Chain-Deck.logo.163.png,2014-09-14,18
98,98,Pokemon XY Series,XY4,https://jp.pokellector.com/sets/XY4-Phantom-Gate,Phantom Gate Set,https://den-media.pokellector.com/logos/Phantom-Gate.logo.160.png,2014-09-13,88
99,99,Pokemon XY Series,XY3,https://jp.pokellector.com/sets/XY3-Rising-Fist,Rising Fist Set,https://den-media.pokellector.com/logos/Rising-Fist.logo.157.png,2014-06-14,96
100,100,Pokemon XY Series,XYA,https://jp.pokellector.com/sets/XYA-M-Charizard-EX-Mega-Battle-Deck,M Charizard EX Mega Battle Deck Set,https://den-media.pokellector.com/logos/M-Charizard-EX-Mega-Battle-Deck.logo.156.png,2014-03-15,21
101,101,Pokemon XY Series,XY2,https://jp.pokellector.com/sets/XY2-Wild-Blaze,Wild Blaze Set,https://den-media.pokellector.com/logos/Wild-Blaze.logo.152.png,2014-03-15,80
102,102,Pokemon XY Series,X30,https://jp.pokellector.com/sets/X30-Xerneas-Half-Deck,Xerneas Half Deck Set,https://den-media.pokellector.com/logos/Xerneas-Half-Deck.logo.154.png,2014-01-15,15
103,103,Pokemon XY Series,Y30,https://jp.pokellector.com/sets/Y30-Yveltal-Half-Deck,Yveltal Half Deck Set,https://den-media.pokellector.com/logos/Yveltal-Half-Deck.logo.153.png,2014-01-15,15
104,104,Pokemon XY Series,XY1,https://jp.pokellector.com/sets/XY1-Collection-Y,Collection Y Set,https://den-media.pokellector.com/logos/Collection-Y.logo.140.png,2013-12-13,60
105,105,Pokemon XY Series,XY1,https://jp.pokellector.com/sets/XY1-Collection-X,Collection X Set,https://den-media.pokellector.com/logos/Collection-X.logo.139.png,2013-12-13,60
106,106,Pokemon XY Series,HXY,https://jp.pokellector.com/sets/HXY-XY-Beginning-Set,XY Beginning Set Set,https://den-media.pokellector.com/logos/XY-Beginning-Set.logo.146.png,2013-11-08,39
107,107,Pokemon XY Series,XYP,https://jp.pokellector.com/sets/XYP-XY-Promos,XY Promos Set,https://den-media.pokellector.com/logos/XY-Promos.logo.141.png,2013-08-13,298
108,108,Black & White Series,EBB,https://jp.pokellector.com/sets/EBB-EX-Battle-Boost,EX Battle Boost Set,https://den-media.pokellector.com/logos/EX-Battle-Boost.logo.129.png,2013-07-13,93
109,109,Black & White Series,BW9,https://jp.pokellector.com/sets/BW9-Megalo-Cannon,Megalo Cannon Set,https://den-media.pokellector.com/logos/Megalo-Cannon.logo.29.png,2013-03-15,82
110,110,Black & White Series,BW8,https://jp.pokellector.com/sets/BW8-Thunder-Knuckle,Thunder Knuckle Set,https://den-media.pokellector.com/logos/Thunder-Knuckle.logo.28.png,2012-12-14,55
111,111,Black & White Series,BW8,https://jp.pokellector.com/sets/BW8-Spiral-Force,Spiral Force Set,https://den-media.pokellector.com/logos/Spiral-Force.logo.27.png,2012-12-14,55
112,112,Black & White Series,BW7,https://jp.pokellector.com/sets/BW7-Plasma-Gale,Plasma Gale Set,https://den-media.pokellector.com/logos/Plasma-Gale.logo.12.png,2012-09-14,70
113,113,Black & White Series,BW6,https://jp.pokellector.com/sets/BW6-Freeze-Bolt,Freeze Bolt Set,https://den-media.pokellector.com/logos/Freeze-Bolt.logo.24.png,2012-07-13,63
114,114,Black & White Series,BW6,https://jp.pokellector.com/sets/BW6-Cold-Flare,Cold Flare Set,https://den-media.pokellector.com/logos/Cold-Flare.logo.23.png,2012-07-13,59
115,115,Black & White Series,BW5,https://jp.pokellector.com/sets/BW5-Dragon-Blade,Dragon Blade Set,https://den-media.pokellector.com/logos/Dragon-Blade.logo.21.png,2012-03-16,53
116,116,Black & White Series,BW5,https://jp.pokellector.com/sets/BW5-Dragon-Blast,Dragon Blast Set,https://den-media.pokellector.com/logos/Dragon-Blast.logo.22.png,2012-03-16,53
117,117,Black & White Series,BW4,https://jp.pokellector.com/sets/BW4-Dark-Rush,Dark Rush Set,https://den-media.pokellector.com/logos/Dark-Rush.logo.20.png,2011-12-16,73
118,118,Black & White Series,BW3,https://jp.pokellector.com/sets/BW3-Hail-Blizzard,Hail Blizzard Set,https://den-media.pokellector.com/logos/Hail-Blizzard.logo.18.png,2011-09-16,55
119,119,Black & White Series,BW3,https://jp.pokellector.com/sets/BW3-Psycho-Drive,Psycho Drive Set,https://den-media.pokellector.com/logos/Psycho-Drive.logo.19.png,2011-09-16,55
120,120,Black & White Series,BW2,https://jp.pokellector.com/sets/BW2-Red-Collection,Red Collection Set,https://den-media.pokellector.com/logos/Red-Collection.logo.17.png,2011-07-15,71
121,121,Black & White Series,BW1,https://jp.pokellector.com/sets/BW1-White-Collection,White Collection Set,https://den-media.pokellector.com/logos/White-Collection.logo.15.png,2010-12-17,55
122,122,Black & White Series,BW1,https://jp.pokellector.com/sets/BW1-Black-Collection,Black Collection Set,https://den-media.pokellector.com/logos/Black-Collection.logo.14.png,2010-12-17,55
123,123,Black & White Promos Series,MG,https://jp.pokellector.com/sets/MG-Mewtwo-Vs-Genesect-Genesect,Mewtwo Vs Genesect: Genesect Set,https://den-media.pokellector.com/logos/Mewtwo-Vs-Genesect-Genesect.logo.145.png,2013-07-13,16
124,124,Black & White Promos Series,MG,https://jp.pokellector.com/sets/MG-Mewtwo-Vs-Genesect-Mewtwo,Mewtwo Vs Genesect: Mewtwo Set,https://den-media.pokellector.com/logos/Mewtwo-Vs-Genesect-Mewtwo.logo.144.png,2013-07-13,16
125,125,Black & White Promos Series,KK,https://jp.pokellector.com/sets/KK-Blastoise-Kyurem-Combo-Deck,Blastoise & Kyurem Combo Deck Set,https://den-media.pokellector.com/logos/Blastoise-Kyurem-Combo-Deck.logo.126.png,2013-03-15,18
126,126,Black & White Promos Series,SC,https://jp.pokellector.com/sets/SC-Shiny-Collection,Shiny Collection Set,https://den-media.pokellector.com/logos/Shiny-Collection.logo.32.png,2013-02-01,20
127,127,Black & White Promos Series,WAK,https://jp.pokellector.com/sets/WAK-Exciting-Battle-for-Everyone,Exciting Battle for Everyone Set,https://den-media.pokellector.com/logos/Exciting-Battle-for-Everyone.logo.30.png,2012-11-16,47
128,128,Black & White Promos Series,PBG,https://jp.pokellector.com/sets/PBG-Team-Plasma-Battle-Gift-Set,Team Plasma Battle Gift Set Set,https://den-media.pokellector.com/logos/Team-Plasma-Battle-Gift-Set.logo.31.png,2012-11-16,16
129,129,Black & White Promos Series,KLD,https://jp.pokellector.com/sets/KLD-Keldeo-Battle-Strength-Deck,Keldeo Battle Strength Deck Set,https://den-media.pokellector.com/logos/Keldeo-Battle-Strength-Deck.logo.133.png,2012-04-20,18
130,130,Black & White Promos Series,GBR,https://jp.pokellector.com/sets/GBR-Garchomp-Half-Deck,Garchomp Half Deck Set,https://den-media.pokellector.com/logos/Garchomp-Half-Deck.logo.134.png,2012-03-16,18
131,131,Black & White Promos Series,SZD,https://jp.pokellector.com/sets/SZD-Hydreigon-Half-Deck,Hydreigon Half Deck Set,https://den-media.pokellector.com/logos/Hydreigon-Half-Deck.logo.135.png,2012-03-16,18
132,132,Black & White Promos Series,DS,https://jp.pokellector.com/sets/DS-Dragon-Selection,Dragon Selection Set,https://den-media.pokellector.com/logos/Dragon-Selection.logo.16.png,2012-01-27,20
133,133,Black & White Promos Series,BWP,https://jp.pokellector.com/sets/BWP-Black-White-Promos,Black & White Promos Set,https://den-media.pokellector.com/logos/Black-White-Promos.logo.25.png,2010-12-17,197
134,134,Legend Series,L3,https://jp.pokellector.com/sets/L3-Clash-at-the-Summit,Clash at the Summit Set,https://den-media.pokellector.com/logos/Clash-at-the-Summit.logo.250.png,2010-07-08,80
135,135,Legend Series,L2,https://jp.pokellector.com/sets/L2-Reviving-Legends,Reviving Legends Set,https://den-media.pokellector.com/logos/Reviving-Legends.logo.249.png,2010-02-11,80
136,136,Legend Series,L1HG,https://jp.pokellector.com/sets/L1HG-HeartGold-Collection,HeartGold Collection Set,https://den-media.pokellector.com/logos/HeartGold-Collection.logo.247.png,2009-10-09,70
137,137,Legend Series,L1SS,https://jp.pokellector.com/sets/L1SS-SoulSilver-Collection,SoulSilver Collection Set,https://den-media.pokellector.com/logos/SoulSilver-Collection.logo.248.png,2009-10-09,70
138,138,Legend Series,LL,https://jp.pokellector.com/sets/LL-Lost-Link,Lost Link Set,https://den-media.pokellector.com/logos/Lost-Link.logo.251.png,2010-01-01,40
139,139,DPt Series,PT4,https://jp.pokellector.com/sets/PT4-Advent-of-Arceus,Advent of Arceus Set,https://den-media.pokellector.com/logos/Advent-of-Arceus.logo.256.png,2009-07-08,90
140,140,DPt Series,PTS,https://jp.pokellector.com/sets/PTS-Shaymin-LVX-Collection-Pack,Shaymin LV.X Collection Pack Set,https://den-media.pokellector.com/logos/Shaymin-LVX-Collection-Pack.logo.151.png,2009-04-18,12
141,141,DPt Series,PT3,https://jp.pokellector.com/sets/PT3-Beat-of-the-Frontier,Beat of the Frontier Set,https://den-media.pokellector.com/logos/Beat-of-the-Frontier.logo.255.png,2009-03-06,103
142,142,DPt Series,PT2,https://jp.pokellector.com/sets/PT2-Bonds-to-the-End-of-Time,Bonds to the End of Time Set,https://den-media.pokellector.com/logos/Bonds-to-the-End-of-Time.logo.254.png,2008-12-26,99
143,143,DPt Series,PT1,https://jp.pokellector.com/sets/PT1-Galactics-Conquest,Galactic's Conquest Set,https://den-media.pokellector.com/logos/Galactics-Conquest.logo.253.png,2008-10-08,96
144,144,DPt Series,DPTP,https://jp.pokellector.com/sets/DPTP-DPt-Promos,DPt Promos Set,https://den-media.pokellector.com/logos/DPt-Promos.logo.136.png,2008-10-01,51
145,145,PPP Promos Series,PPP,https://jp.pokellector.com/sets/PPP-PPP-Promos,PPP Promos Set,https://den-media.pokellector.com/logos/PPP-Promos.logo.128.png,2007-05-01,7
146,146,DP Era Series,DPP,https://jp.pokellector.com/sets/DPP-DP-Promos,DP Promos Set,https://den-media.pokellector.com/logos/DP-Promos.logo.274.png,2006-11-30,127
147,147,Pokemon VS Series,VS,https://jp.pokellector.com/sets/VS-Pokemon-VS,Pokemon VS Set,https://den-media.pokellector.com/logos/Pokemon-VS.logo.276.png,2001-08-19,141
148,148,Neo Series,NEO4,https://jp.pokellector.com/sets/NEO4-Darkness-and-to-Light,Darkness and to Light Set,https://den-media.pokellector.com/logos/Darkness-and-to-Light.logo.333.png,2001-04-20,113
149,149,Neo Series,NEO3,https://jp.pokellector.com/sets/NEO3-Awakening-Legends,Awakening Legends Set,https://den-media.pokellector.com/logos/Awakening-Legends.logo.332.png,2000-11-23,57
150,150,Neo Series,NEO2,https://jp.pokellector.com/sets/NEO2-Crossing-the-Ruins,Crossing the Ruins Set,https://den-media.pokellector.com/logos/Crossing-the-Ruins.logo.331.png,2000-07-07,56
151,151,Neo Series,NEO1,https://jp.pokellector.com/sets/NEO1-Gold-Silver-to-a-New-World,"Gold, Silver, to a New World... Set",https://den-media.pokellector.com/logos/Gold-Silver-to-a-New-World.logo.324.png,2000-02-04,96
152,152,Original Series,B06,https://jp.pokellector.com/sets/B06-Challenge-from-the-Darkness,Challenge from the Darkness Set,https://den-media.pokellector.com/logos/Challenge-from-the-Darkness.logo.317.png,1999-06-25,98
153,153,Original Series,B05,https://jp.pokellector.com/sets/B05-Leaders-Stadium,Leader's Stadium Set,https://den-media.pokellector.com/logos/Leaders-Stadium.logo.316.png,1998-10-24,96
154,154,Original Series,B04,https://jp.pokellector.com/sets/B04-Rocket-Gang,Rocket Gang Set,https://den-media.pokellector.com/logos/Rocket-Gang.logo.315.png,1997-11-21,65
155,155,Original Series,B03,https://jp.pokellector.com/sets/B03-Mystery-of-the-Fossils,Mystery of the Fossils Set,https://den-media.pokellector.com/logos/Mystery-of-the-Fossils.logo.314.png,1997-06-21,48
156,156,Original Series,B02,https://jp.pokellector.com/sets/B02-Pokemon-Jungle,Pokemon Jungle Set,https://den-media.pokellector.com/logos/Pokemon-Jungle.logo.313.png,1997-03-05,48
157,157,Original Series,EXP,https://jp.pokellector.com/sets/EXP-Expansion-Pack,Expansion Pack Set,https://den-media.pokellector.com/logos/Expansion-Pack.logo.311.png,1996-10-20,102
